item_name,item_id
オークの原木,oak_log
オークの木,oak_wood
樹皮を剥いだオークの原木,stripped_oak_log
樹皮を剥いだオークの木,stripped_oak_wood
オークの板材,oak_planks
オークの階段,oak_stairs
オークのハーフブロック,oak_slab
オークのフェンス,oak_fence
オークのフェンスゲート,oak_fence_gate
オークのドア,oak_door
オークのトラップドア,oak_trapdoor
オークの感圧板,oak_pressure_plate
オークのボタン,oak_button
トウヒの原木,spruce_log
トウヒの木,spruce_wood
樹皮を剥いだトウヒの原木,stripped_spruce_log
樹皮を剥いだトウヒの木,stripped_spruce_wood
トウヒの板材,spruce_planks
トウヒの階段,spruce_stairs
トウヒのハーフブロック,spruce_slab
トウヒのフェンス,spruce_fence
トウヒのフェンスゲート,spruce_fence_gate
トウヒのドア,spruce_door
トウヒのトラップドア,spruce_trapdoor
トウヒの感圧板,spruce_pressure_plate
トウヒのボタン,spruce_button
シラカバの原木,birch_log
シラカバの木,birch_wood
樹皮を剥いだシラカバの原木,stripped_birch_log
樹皮を剥いだシラカバの木,stripped_birch_wood
シラカバの板材,birch_planks
シラカバの階段,birch_stairs
シラカバのハーフブロック,birch_slab
シラカバのフェンス,birch_fence
シラカバのフェンスゲート,birch_fence_gate
シラカバのドア,birch_door
シラカバのトラップドア,birch_trapdoor
シラカバの感圧板,birch_pressure_plate
シラカバのボタン,birch_button
ジャングルの原木,jungle_log
ジャングルの木,jungle_wood
樹皮を剥いだジャングルの原木,stripped_jungle_log
樹皮を剥いだジャングルの木,stripped_jungle_wood
ジャングルの板材,jungle_planks
ジャングルの階段,jungle_stairs
ジャングルのハーフブロック,jungle_slab
ジャングルのフェンス,jungle_fence
ジャングルのフェンスゲート,jungle_fence_gate
ジャングルのドア,jungle_door
ジャングルのトラップドア,jungle_trapdoor
ジャングルの感圧板,jungle_pressure_plate
ジャングルのボタン,jungle_button
アカシアの原木,acacia_log
アカシアの木,acacia_wood
樹皮を剥いだアカシアの原木,stripped_acacia_log
樹皮を剥いだアカシアの木,stripped_acacia_wood
アカシアの板材,acacia_planks
アカシアの階段,acacia_stairs
アカシアのハーフブロック,acacia_slab
アカシアのフェンス,acacia_fence
アカシアのフェンスゲート,acacia_fence_gate
アカシアのドア,acacia_door
アカシアのトラップドア,acacia_trapdoor
アカシアの感圧板,acacia_pressure_plate
アカシアのボタン,acacia_button
ダークオークの原木,dark_oak_log
ダークオークの木,dark_oak_wood
樹皮を剥いだダークオークの原木,stripped_dark_oak_log
樹皮を剥いだダークオークの木,stripped_dark_oak_wood
ダークオークの板材,dark_oak_planks
ダークオークの階段,dark_oak_stairs
ダークオークのハーフブロック,dark_oak_slab
ダークオークのフェンス,dark_oak_fence
ダークオークのフェンスゲート,dark_oak_fence_gate
ダークオークのドア,dark_oak_door
ダークオークのトラップドア,dark_oak_trapdoor
ダークオークの感圧板,dark_oak_pressure_plate
ダークオークのボタン,dark_oak_button
マングローブの原木,mangrove_log
マングローブの木,mangrove_wood
樹皮を剥いだマングローブの原木,stripped_mangrove_log
樹皮を剥いだマングローブの木,stripped_mangrove_wood
マングローブの板材,mangrove_planks
マングローブの階段,mangrove_stairs
マングローブのハーフブロック,mangrove_slab
マングローブのフェンス,mangrove_fence
マングローブのフェンスゲート,mangrove_fence_gate
マングローブのドア,mangrove_door
マングローブのトラップドア,mangrove_trapdoor
マングローブの感圧板,mangrove_pressure_plate
マングローブのボタン,mangrove_button
サクラの原木,cherry_log
サクラの木,cherry_wood
樹皮を剥いだサクラの原木,stripped_cherry_log
樹皮を剥いだサクラの木,stripped_cherry_wood
サクラの板材,cherry_planks
サクラの階段,cherry_stairs
サクラのハーフブロック,cherry_slab
サクラのフェンス,cherry_fence
サクラのフェンスゲート,cherry_fence_gate
サクラのドア,cherry_door
サクラのトラップドア,cherry_trapdoor
サクラの感圧板,cherry_pressure_plate
サクラのボタン,cherry_button
竹ブロック,bamboo_block
表皮を剥いだ竹ブロック,stripped_bamboo_block
竹の板材,bamboo_planks
竹細工,bamboo_mosaic
竹の階段,bamboo_stairs
竹細工の階段,bamboo_mosaic_stairs
竹のハーフブロック,bamboo_slab
竹細工のハーフブロック,bamboo_mosaic_slab
竹のフェンス,bamboo_fence
竹のフェンスゲート,bamboo_fence_gate
竹のドア,bamboo_door
竹のトラップドア,bamboo_trapdoor
竹の感圧板,bamboo_pressure_plate
竹のボタン,bamboo_button
真紅の幹,crimson_stem
真紅の菌糸,warped_hyphae
表皮を剥いだ真紅の幹,stripped_crimson_stem
表皮を剥いだ真紅の菌糸,stripped_warped_hyphae
真紅の板材,crimson_planks
真紅の階段,crimson_stairs
真紅のハーフブロック,crimson_slab
真紅のフェンス,crimson_fence
真紅のフェンスゲート,crimson_fence_gate
真紅のドア,crimson_door
真紅のトラップドア,crimson_trapdoor
真紅の感圧板,crimson_pressure_plate
真紅のボタン,crimson_button
歪んだ幹,warped_stem
歪んだ菌糸,crimson_hyphae
表皮を剥いだ歪んだ幹,stripped_warped_stem
表皮を剥いだ歪んだ菌糸,stripped_crimson_hyphae
歪んだ板材,warped_planks
歪んだ階段,warped_stairs
歪んだハーフブロック,warped_slab
歪んだフェンス,warped_fence
歪んだフェンスゲート,warped_fence_gate
歪んだドア,warped_door
歪んだトラップドア,warped_trapdoor
歪んだ感圧板,warped_pressure_plate
歪んだボタン,warped_button
石,stone
石の階段,stone_stairs
石のハーフブロック,stone_slab
石の感圧板,stone_pressure_plate
石のボタン,stone_button
丸石,cobblestone
丸石の階段,cobblestone_stairs
丸石のハーフブロック,cobblestone_slab
丸石の塀,cobblestone_wall
苔むした丸石,mossy_cobblestone
苔むした丸石の階段,mossy_cobblestone_stairs
苔むした丸石のハーフブロック,mossy_cobblestone_slab
苔むした丸石の塀,mossy_cobblestone_wall
滑らかな石,smooth_stone
滑らかな石のハーフブロック,smooth_stone_slab
石レンガ,stone_bricks
ひび割れた石レンガ,cracked_stone_bricks
石レンガの階段,stone_brick_stairs
石レンガのハーフブロック,stone_brick_slab
石レンガの塀,stone_brick_wall
模様入りの石レンガ,chiseled_stone_bricks
苔むした石レンガ,mossy_stone_bricks
苔むした石レンガの階段,mossy_stone_brick_stairs
苔むした石レンガのハーフブロック,mossy_stone_brick_slab
苔むした石レンガの塀,mossy_stone_brick_wall
花崗岩,granite
花崗岩の階段,granite_stairs
花崗岩のハーフブロック,granite_slab
花崗岩の塀,granite_wall
磨かれた花崗岩,polished_granite
磨かれた花崗岩の階段,polished_granite_stairs
磨かれた花崗岩のハーフブロック,polished_granite_slab
閃緑岩,diorite
閃緑岩の階段,diorite_stairs
閃緑岩のハーフブロック,diorite_slab
閃緑岩の塀,diorite_wall
磨かれた閃緑岩,polished_diorite
磨かれた閃緑岩の階段,polished_diorite_stairs
磨かれた閃緑岩のハーフブロック,polished_diorite_slab
安山岩,andesite
安山岩の階段,andesite_stairs
安山岩のハーフブロック,andesite_slab
安山岩の塀,andesite_wall
磨かれた安山岩,polished_andesite
磨かれた安山岩の階段,polished_andesite_stairs
磨かれた安山岩のハーフブロック,polished_andesite_slab
深層岩,deepslate
深層岩の丸石,cobbled_deepslate
深層岩の丸石の階段,cobbled_deepslate_stairs
深層岩の丸石のハーフブロック,cobbled_deepslate_slab
深層岩の丸石の塀,cobbled_deepslate_wall
模様入りの深層岩,chiseled_deepslate
磨かれた深層岩,polished_deepslate
磨かれた深層岩の階段,polished_deepslate_stairs
磨かれた深層岩のハーフブロック,polished_deepslate_slab
磨かれた深層岩の塀,polished_deepslate_wall
深層岩レンガ,deepslate_bricks
ひび割れた深層岩レンガ,cracked_deepslate_bricks
深層岩レンガの階段,deepslate_brick_stairs
深層岩レンガのハーフブロック,deepslate_brick_slab
深層岩レンガの塀,deepslate_brick_wall
深層岩タイル,deepslate_tiles
ひび割れた深層岩タイル,cracked_deepslate_tiles
深層岩タイルの階段,deepslate_tile_stairs
深層岩タイルのハーフブロック,deepslate_tile_slab
深層岩タイルの塀,deepslate_tile_wall
強化された深層岩,reinforced_deepslate
レンガブロック,bricks
レンガの階段,brick_stairs
レンガのハーフブロック,brick_slab
レンガの塀,brick_wall
泥塊,packed_mud
泥レンガ,mud_bricks
泥レンガの階段,mud_brick_stairs
泥レンガのハーフブロック,mud_brick_slab
泥レンガの塀,mud_brick_wall
砂岩,sandstone
砂岩の階段,sandstone_stairs
砂岩のハーフブロック,sandstone_slab
砂岩の塀,sandstone_wall
模様入りの砂岩,chiseled_sandstone
滑らかな砂岩,smooth_sandstone
滑らかな砂岩の階段,smooth_sandstone_stairs
滑らかな砂岩のハーフブロック,smooth_sandstone_slab
研がれた砂岩,cut_sandstone
研がれた砂岩のハーフブロック,cut_sandstone_slab
赤い砂岩,red_sandstone
赤い砂岩の階段,red_sandstone_stairs
赤い砂岩のハーフブロック,red_sandstone_slab
赤い砂岩の塀,red_sandstone_wall
模様入りの赤い砂岩,chiseled_red_sandstone
滑らかな赤い砂岩,smooth_red_sandstone
滑らかな赤い砂岩の階段,smooth_red_sandstone_stairs
滑らかな赤い砂岩のハーフブロック,smooth_red_sandstone_slab
研がれた赤い砂岩,cut_red_sandstone
研がれた赤い砂岩のハーフブロック,cut_red_sandstone_slab
シーランタン,sea_lantern
プリズマリン,prismarine
プリズマリンの階段,prismarine_stairs
プリズマリンのハーフブロック,prismarine_slab
プリズマリンの塀,prismarine_wall
プリズマリンレンガ,prismarine_bricks
プリズマリンレンガの階段,prismarine_brick_stairs
プリズマリンレンガのハーフブロック,prismarine_brick_slab
ダークプリズマリン,dark_prismarine
ダークプリズマリンの階段,dark_prismarine_stairs
ダークプリズマリンのハーフブロック,dark_prismarine_slab
ネザーラック,netherrack
ネザーレンガブロック,nether_bricks
ひび割れたネザーレンガ,cracked_nether_bricks
ネザーレンガの階段,nether_brick_stairs
ネザーレンガのハーフブロック,nether_brick_slab
ネザーレンガの塀,nether_brick_wall
ネザーレンガのフェンス,nether_brick_fence
模様入りのネザーレンガ,chiseled_nether_bricks
赤いネザーレンガ,red_nether_bricks
赤いネザーレンガの階段,red_nether_brick_stairs
赤いネザーレンガのハーフブロック,red_nether_brick_slab
赤いネザーレンガの塀,red_nether_brick_wall
玄武岩,basalt
滑らかな玄武岩,smooth_basalt
磨かれた玄武岩,polished_basalt
ブラックストーン,blackstone
きらめくブラックストーン,gilded_blackstone
ブラックストーンの階段,blackstone_stairs
ブラックストーンの塀,blackstone_wall
ブラックストーンのハーフブロック,blackstone_slab
模様入りの磨かれたブラックストーン,chiseled_polished_blackstone
磨かれたブラックストーン,polished_blackstone
磨かれたブラックストーンの階段,polished_blackstone_stairs
磨かれたブラックストーンのハーフブロック,polished_blackstone_slab
磨かれたブラックストーンの塀,polished_blackstone_wall
磨かれたブラックストーンの感圧板,polished_blackstone_pressure_plate
磨かれたブラックストーンのボタン,polished_blackstone_button
磨かれたブラックストーンレンガ,polished_blackstone_bricks
ひび割れたブラックストーンレンガ,cracked_polished_blackstone_bricks
磨かれたブラックストーンレンガの階段,polished_blackstone_brick_stairs
磨かれたブラックストーンレンガのハーフブロック,polished_blackstone_brick_slab
磨かれたブラックストーンレンガの塀,polished_blackstone_brick_wall
エンドストーン,end_stone
エンドストーンレンガ,end_stone_bricks
エンドストーンレンガの階段,end_stone_brick_stairs
エンドストーンレンガのハーフブロック,end_stone_brick_slab
エンドストーンレンガの塀,end_stone_brick_wall
プルプァブロック,purpur_block
プルプァの柱,purpur_pillar
プルプァの階段,purpur_stairs
プルプァのハーフブロック,purpur_slab
石炭ブロック,coal_block
鉄ブロック,iron_block
鉄格子,iron_bars
鉄のドア,iron_door
鉄のトラップドア,iron_trapdoor
重量用感圧板,heavy_weighted_pressure_plate
鎖,chain
金ブロック,gold_block
軽量用感圧板,light_weighted_pressure_plate
レッドストーンブロック,redstone_block
エメラルドブロック,emerald_block
ラピスラズリブロック,lapis_block
ダイヤモンドブロック,diamond_block
ネザライトブロック,netherite_block
クォーツブロック,quartz_block
クォーツの階段,quartz_stairs
クォーツのハーフブロック,quartz_slab
模様入りのクォーツブロック,chiseled_quartz_block
クォーツレンガ,quartz_bricks
クォーツの柱,quartz_pillar
滑らかなクォーツブロック,smooth_quartz
滑らかなクォーツの階段,smooth_quartz_stairs
滑らかなクォーツのハーフブロック,smooth_quartz_slab
アメジストブロック,amethyst_block
銅ブロック,copper_block
切り込み入りの銅,cut_copper
切り込み入りの銅の階段,cut_copper_stairs
切り込み入りの銅のハーフブロック,cut_copper_slab
風化した銅,exposed_copper
風化した切り込み入りの銅,exposed_cut_copper
風化した切り込み入りの銅の階段,exposed_cut_copper_stairs
風化した切り込み入りの銅のハーフブロック,exposed_cut_copper_slab
錆びた銅,weathered_copper
錆びた切り込み入りの銅,weathered_cut_copper
錆びた切り込み入りの銅の階段,weathered_cut_copper_stairs
錆びた切り込み入りの銅のハーフブロック,weathered_cut_copper_slab
酸化した銅,oxidized_copper
酸化した切り込み入りの銅,oxidized_cut_copper
酸化した切り込み入りの銅の階段,oxidized_cut_copper_stairs
酸化した切り込み入りの銅のハーフブロック,oxidized_cut_copper_slab
錆止めされた銅ブロック,waxed_copper_block
錆止めされた切り込み入りの銅,waxed_cut_copper
錆止めされた切り込み入りの銅の階段,waxed_cut_copper_stairs
錆止めされた切り込み入りの銅のハーフブロック,waxed_cut_copper_slab
錆止めされた風化した銅,waxed_exposed_copper
錆止めされた風化した切り込み入りの銅,waxed_exposed_cut_copper
錆止めされた風化した切り込み入りの銅の階段,waxed_exposed_cut_copper_stairs
錆止めされた風化した切り込み入りの銅のハーフブロック,waxed_exposed_cut_copper_slab
錆止めされた錆びた銅,waxed_weathered_copper
錆止めされた錆びた切り込み入りの銅,waxed_weathered_cut_copper
錆止めされた錆びた切り込み入りの銅の階段,waxed_weathered_cut_copper_stairs
錆止めされた錆びた切り込み入りの銅のハーフブロック,waxed_weathered_cut_copper_slab
錆止めされた酸化した銅,waxed_oxidized_copper
錆止めされた酸化した切り込み入りの銅,waxed_oxidized_cut_copper
錆止めされた酸化した切り込み入りの銅の階段,waxed_oxidized_cut_copper_stairs
錆止めされた酸化した切り込み入りの銅のハーフブロック,waxed_oxidized_cut_copper_slab
白色の羊毛,white_wool
薄灰色の羊毛,light_gray_wool
灰色の羊毛,gray_wool
黒色の羊毛,black_wool
茶色の羊毛,brown_wool
赤色の羊毛,red_wool
橙色の羊毛,orange_wool
黄色の羊毛,yellow_wool
黄緑色の羊毛,lime_wool
緑色の羊毛,green_wool
青緑色の羊毛,cyan_wool
空色の羊毛,light_blue_wool
青色の羊毛,blue_wool
紫色の羊毛,purple_wool
赤紫色の羊毛,magenta_wool
桃色の羊毛,pink_wool
白色のカーペット,white_carpet
薄灰色のカーペット,light_gray_carpet
灰色のカーペット,gray_carpet
黒色のカーペット,black_carpet
茶色のカーペット,brown_carpet
赤色のカーペット,red_carpet
橙色のカーペット,orange_carpet
黄色のカーペット,yellow_carpet
黄緑色のカーペット,lime_carpet
緑色のカーペット,green_carpet
青緑色のカーペット,cyan_carpet
空色のカーペット,light_blue_carpet
青色のカーペット,blue_carpet
紫色のカーペット,purple_carpet
赤紫色のカーペット,magenta_carpet
桃色のカーペット,pink_carpet
テラコッタ,terracotta
白色のテラコッタ,white_terracotta
薄灰色のテラコッタ,light_gray_terracotta
灰色のテラコッタ,gray_terracotta
黒色のテラコッタ,black_terracotta
茶色のテラコッタ,brown_terracotta
赤色のテラコッタ,red_terracotta
橙色のテラコッタ,orange_terracotta
黄色のテラコッタ,yellow_terracotta
黄緑色のテラコッタ,lime_terracotta
緑色のテラコッタ,green_terracotta
青緑色のテラコッタ,cyan_terracotta
空色のテラコッタ,light_blue_terracotta
青色のテラコッタ,blue_terracotta
紫色のテラコッタ,purple_terracotta
赤紫色のテラコッタ,magenta_terracotta
桃色のテラコッタ,pink_terracotta
白色のコンクリート,white_concrete
薄灰色のコンクリート,light_gray_concrete
灰色のコンクリート,gray_concrete
黒色のコンクリート,black_concrete
茶色のコンクリート,brown_concrete
赤色のコンクリート,red_concrete
橙色のコンクリート,orange_concrete
黄色のコンクリート,yellow_concrete
黄緑色のコンクリート,lime_concrete
緑色のコンクリート,green_concrete
青緑色のコンクリート,cyan_concrete
空色のコンクリート,light_blue_concrete
青色のコンクリート,blue_concrete
紫色のコンクリート,purple_concrete
赤紫色のコンクリート,magenta_concrete
桃色のコンクリート,pink_concrete
白色のコンクリートパウダー,white_concrete_powder
薄灰色のコンクリートパウダー,light_gray_concrete_powder
灰色のコンクリートパウダー,gray_concrete_powder
黒色のコンクリートパウダー,black_concrete_powder
茶色のコンクリートパウダー,brown_concrete_powder
赤色のコンクリートパウダー,red_concrete_powder
橙色のコンクリートパウダー,orange_concrete_powder
黄色のコンクリートパウダー,yellow_concrete_powder
黄緑色のコンクリートパウダー,lime_concrete_powder
緑色のコンクリートパウダー,green_concrete_powder
青緑色のコンクリートパウダー,cyan_concrete_powder
空色のコンクリートパウダー,light_blue_concrete_powder
青色のコンクリートパウダー,blue_concrete_powder
紫色のコンクリートパウダー,purple_concrete_powder
赤紫色のコンクリートパウダー,magenta_concrete_powder
桃色のコンクリートパウダー,pink_concrete_powder
白色の彩釉テラコッタ,white_glazed_terracotta
薄灰色の彩釉テラコッタ,light_gray_glazed_terracotta
灰色の彩釉テラコッタ,gray_glazed_terracotta
黒色の彩釉テラコッタ,black_glazed_terracotta
茶色の彩釉テラコッタ,brown_glazed_terracotta
赤色の彩釉テラコッタ,red_glazed_terracotta
橙色の彩釉テラコッタ,orange_glazed_terracotta
黄色の彩釉テラコッタ,yellow_glazed_terracotta
黄緑色の彩釉テラコッタ,lime_glazed_terracotta
緑色の彩釉テラコッタ,green_glazed_terracotta
青緑色の彩釉テラコッタ,cyan_glazed_terracotta
空色の彩釉テラコッタ,light_blue_glazed_terracotta
青色の彩釉テラコッタ,blue_glazed_terracotta
紫色の彩釉テラコッタ,purple_glazed_terracotta
赤紫色の彩釉テラコッタ,magenta_glazed_terracotta
桃色の彩釉テラコッタ,pink_glazed_terracotta
ガラス,glass
遮光ガラス,tinted_glass
白色の色付きガラス,white_stained_glass
薄灰色の色付きガラス,light_gray_stained_glass
灰色の色付きガラス,gray_stained_glass
黒色の色付きガラス,black_stained_glass
茶色の色付きガラス,brown_stained_glass
赤色の色付きガラス,red_stained_glass
橙色の色付きガラス,orange_stained_glass
黄色の色付きガラス,yellow_stained_glass
黄緑色の色付きガラス,lime_stained_glass
緑色の色付きガラス,green_stained_glass
青緑色の色付きガラス,cyan_stained_glass
空色の色付きガラス,light_blue_stained_glass
青色の色付きガラス,blue_stained_glass
紫色の色付きガラス,purple_stained_glass
赤紫色の色付きガラス,magenta_stained_glass
桃色の色付きガラス,pink_stained_glass
ガラス板,glass_pane
白色の色付きガラス板,white_stained_glass_pane
薄灰色の色付きガラス板,light_gray_stained_glass_pane
灰色の色付きガラス板,gray_stained_glass_pane
黒色の色付きガラス板,black_stained_glass_pane
茶色の色付きガラス板,brown_stained_glass_pane
赤色の色付きガラス板,red_stained_glass_pane
橙色の色付きガラス板,orange_stained_glass_pane
黄色の色付きガラス板,yellow_stained_glass_pane
黄緑色の色付きガラス板,lime_stained_glass_pane
緑色の色付きガラス板,green_stained_glass_pane
青緑色の色付きガラス板,cyan_stained_glass_pane
空色の色付きガラス板,light_blue_stained_glass_pane
青色の色付きガラス板,blue_stained_glass_pane
紫色の色付きガラス板,purple_stained_glass_pane
赤紫色の色付きガラス板,magenta_stained_glass_pane
桃色の色付きガラス板,pink_stained_glass_pane
シュルカーボックス,shulker_box
白色のシュルカーボックス,white_shulker_box
薄灰色のシュルカーボックス,light_gray_shulker_box
灰色のシュルカーボックス,gray_shulker_box
黒色のシュルカーボックス,black_shulker_box
茶色のシュルカーボックス,brown_shulker_box
赤色のシュルカーボックス,red_shulker_box
橙色のシュルカーボックス,orange_shulker_box
黄色のシュルカーボックス,yellow_shulker_box
黄緑色のシュルカーボックス,lime_shulker_box
緑色のシュルカーボックス,green_shulker_box
青緑色のシュルカーボックス,cyan_shulker_box
空色のシュルカーボックス,light_blue_shulker_box
青色のシュルカーボックス,blue_shulker_box
紫色のシュルカーボックス,purple_shulker_box
赤紫色のシュルカーボックス,magenta_shulker_box
桃色のシュルカーボックス,pink_shulker_box
白色のベッド,white_bed
薄灰色のベッド,light_gray_bed
灰色のベッド,gray_bed
黒色のベッド,black_bed
茶色のベッド,brown_bed
赤色のベッド,red_bed
橙色のベッド,orange_bed
黄色のベッド,yellow_bed
黄緑色のベッド,lime_bed
緑色のベッド,green_bed
青緑色のベッド,cyan_bed
空色のベッド,light_blue_bed
青色のベッド,blue_bed
紫色のベッド,purple_bed
赤紫色のベッド,magenta_bed
桃色のベッド,pink_bed
ろうそく,candle
白色のろうそく,white_candle
薄灰色のろうそく,light_gray_candle
灰色のろうそく,gray_candle
黒色のろうそく,black_candle
茶色のろうそく,brown_candle
赤色のろうそく,red_candle
橙色のろうそく,orange_candle
黄色のろうそく,yellow_candle
黄緑色のろうそく,lime_candle
緑色のろうそく,green_candle
青緑色のろうそく,cyan_candle
空色のろうそく,light_blue_candle
青色のろうそく,blue_candle
紫色のろうそく,purple_candle
赤紫色のろうそく,magenta_candle
桃色のろうそく,pink_candle
白色の旗,white_banner
薄灰色の旗,light_gray_banner
灰色の旗,gray_banner
黒色の旗,black_banner
茶色の旗,brown_banner
赤色の旗,red_banner
橙色の旗,orange_banner
黄色の旗,yellow_banner
黄緑色の旗,lime_banner
緑色の旗,green_banner
青緑色の旗,cyan_banner
空色の旗,light_blue_banner
青色の旗,blue_banner
紫色の旗,purple_banner
赤紫色の旗,magenta_banner
桃色の旗,pink_banner
草ブロック,grass_block
ポドゾル,podzol
菌糸,mycelium
土の道,dirt_path
土,dirt
粗い土,coarse_dirt
根付いた土,rooted_dirt
耕地,farmland
泥,mud
粘土,clay
砂利,gravel
砂,sand
赤い砂,red_sand
氷,ice
氷塊,packed_ice
青氷,blue_ice
雪ブロック,snow_block
雪,snow
苔ブロック,moss_block
苔のカーペット,moss_carpet
方解石,calcite
凝灰岩,tuff
鍾乳石ブロック,dripstone_block
鍾乳石,pointed_dripstone
マグマブロック,magma_block
黒曜石,obsidian
泣く黒曜石,crying_obsidian
真紅のナイリウム,crimson_nylium
歪んだナイリウム,warped_nylium
ソウルサンド,soul_sand
ソウルソイル,soul_soil
骨ブロック,bone_block
石炭鉱石,coal_ore
深層石炭鉱石,deepslate_coal_ore
鉄鉱石,iron_ore
深層鉄鉱石,deepslate_iron_ore
銅鉱石,copper_ore
深層銅鉱石,deepslate_copper_ore
金鉱石,gold_ore
深層金鉱石,deepslate_gold_ore
レッドストーン鉱石,redstone_ore
深層レッドストーン鉱石,deepslate_redstone_ore
エメラルド鉱石,emerald_ore
深層エメラルド鉱石,deepslate_emerald_ore
ラピスラズリ鉱石,lapis_ore
深層ラピスラズリ鉱石,deepslate_lapis_ore
ダイヤモンド鉱石,diamond_ore
深層ダイヤモンド鉱石,deepslate_diamond_ore
ネザー金鉱石,nether_gold_ore
ネザークォーツ鉱石,nether_quartz_ore
古代の残骸,ancient_debris
鉄の原石ブロック,raw_iron_block
銅の原石ブロック,raw_copper_block
金の原石ブロック,raw_gold_block
グロウストーン,glowstone
芽生えたアメジスト,budding_amethyst
小さなアメジストの芽,small_amethyst_bud
中くらいのアメジストの芽,medium_amethyst_bud
大きなアメジストの芽,large_amethyst_bud
アメジストの塊,amethyst_cluster
キノコの柄,mushroom_stem
オークの葉,oak_leaves
トウヒの葉,spruce_leaves
シラカバの葉,birch_leaves
ジャングルの葉,jungle_leaves
アカシアの葉,acacia_leaves
ダークオークの葉,dark_oak_leaves
マングローブの葉,mangrove_leaves
マングローブの根,mangrove_roots
泥だらけのマングローブの根,muddy_mangrove_roots
サクラの葉,cherry_leaves
ツツジの葉,azalea_leaves
開花したツツジの葉,flowering_azalea_leaves
茶色のキノコブロック,brown_mushroom_block
赤色のキノコブロック,red_mushroom_block
ネザーウォートブロック,nether_wart_block
歪んだウォートブロック,warped_wart_block
シュルームライト,shroomlight
オークの苗木,oak_sapling
トウヒの苗木,spruce_sapling
シラカバの苗木,birch_sapling
ジャングルの苗木,jungle_sapling
アカシアの苗木,acacia_sapling
ダークオークの苗木,dark_oak_sapling
マングローブの芽,mangrove_propagule
サクラの苗木,cherry_sapling
ツツジ,azalea
開花したツツジ,flowering_azalea
茶色のキノコ,brown_mushroom
赤色のキノコ,red_mushroom
真紅のキノコ,crimson_fungus
歪んだキノコ,warped_fungus
草,grass
シダ,fern
枯れ木,dead_bush
タンポポ,dandelion
ポピー,poppy
ヒスイラン,blue_orchid
アリウム,allium
ヒナソウ,azure_bluet
赤色のチューリップ,red_tulip
橙色のチューリップ,orange_tulip
白色のチューリップ,white_tulip
桃色のチューリップ,pink_tulip
フランスギク,oxeye_daisy
ヤグルマギク,cornflower
スズラン,lily_of_the_valley
トーチフラワー,torchflower
桜色の花びら,pink_petals
胞子の花,spore_blossom
竹,bamboo
サトウキビ,sugar_cane
サボテン,cactus
ウィザーローズ,wither_rose
真紅の根,crimson_roots
歪んだ根,warped_roots
ネザースプラウト,nether_sprouts
しだれツタ,weeping_vines
ねじれツタ,twisting_vines
ツタ,vine
背の高い草,tall_grass
大きなシダ,large_fern
ヒマワリ,sunflower
ライラック,lilac
バラの低木,rose_bush
ボタン,peony
ウツボカズラ,pitcher_plant
大きなドリップリーフ,big_dripleaf
小さなドリップリーフ,small_dripleaf
コーラスプラント,chorus_plant
コーラスフラワー,chorus_flower
ヒカリゴケ,glow_lichen
垂れ根,hanging_roots
カエルの卵,frogspawn
カメの卵,turtle_egg
スニッファーの卵,sniffer_egg
小麦の種,wheat_seeds
カカオ豆,cocoa_beans
カボチャの種,pumpkin_seeds
スイカの種,melon_seeds
ビートルートの種,beetroot_seeds
トーチフラワーの種,torchflower_seeds
ウツボカズラのさや,pitcher_pod
グロウベリー,glow_berries
スイートベリー,sweet_berries
ネザーウォート,nether_wart
スイレンの葉,lily_pad
海草,seagrass
シーピクルス,sea_pickle
コンブ,kelp
乾燥した昆布ブロック,dried_kelp_block
クダサンゴブロック,tube_coral_block
ノウサンゴブロック,brain_coral_block
ミズタマサンゴブロック,bubble_coral_block
ミレポラサンゴブロック,fire_coral_block
シカツノサンゴブロック,horn_coral_block
死んだクダサンゴブロック,dead_tube_coral_block
死んだノウサンゴブロック,dead_brain_coral_block
死んだミズタマサンゴブロック,dead_bubble_coral_block
死んだミレポラサンゴブロック,dead_fire_coral_block
死んだシカツノサンゴブロック,dead_horn_coral_block
クダサンゴ,tube_coral
ノウサンゴ,brain_coral
ミズタマサンゴ,bubble_coral
ミレポラサンゴ,fire_coral
シカツノサンゴ,horn_coral
死んだノウサンゴ,dead_brain_coral
死んだミズタマサンゴ,dead_bubble_coral
死んだミレポラサンゴ,dead_fire_coral
死んだシカツノサンゴ,dead_horn_coral
死んだクダサンゴ,dead_tube_coral
クダウチワサンゴ,tube_coral_fan
ノウウチワサンゴ,brain_coral_fan
ミズタマウチワサンゴ,bubble_coral_fan
ミレポラウチワサンゴ,fire_coral_fan
シカツノウチワサンゴ,horn_coral_fan
死んだクダウチワサンゴ,dead_tube_coral_fan
死んだノウウチワサンゴ,dead_brain_coral_fan
死んだミズタマウチワサンゴ,dead_bubble_coral_fan
死んだミレポラウチワサンゴ,dead_fire_coral_fan
死んだシカツノウチワサンゴ,dead_horn_coral_fan
スポンジ,sponge
濡れたスポンジ,wet_sponge
スイカ,melon
カボチャ,pumpkin
くり抜かれたカボチャ,carved_pumpkin
ジャック・オ・ランタン,jack_o_lantern
干草の俵,hay_block
ミツバチの巣,bee_nest
ハニカムブロック,honeycomb_block
スライムブロック,slime_block
ハチミツブロック,honey_block
黄土色のフロッグライト,ochre_froglight
新緑色のフロッグライト,verdant_froglight
真珠色のフロッグライト,pearlescent_froglight
スカルク,sculk
スカルクヴェイン,sculk_vein
スカルクカタリスト,sculk_catalyst
スカルクシュリーカー,sculk_shrieker
スカルクセンサー,sculk_sensor
クモの巣,cobweb
岩盤,bedrock
松明,torch
魂の松明,soul_torch
レッドストーントーチ,redstone_torch
ランタン,lantern
魂のランタン,soul_lantern
エンドロッド,end_rod
レッドストーンランプ,redstone_lamp
作業台,crafting_table
石切台,stonecutter
製図台,cartography_table
矢細工台,fletching_table
鍛冶台,smithing_table
砥石,grindstone
機織り機,loom
かまど,furnace
燻製器,smoker
溶鉱炉,blast_furnace
焚き火,campfire
魂の焚き火,soul_campfire
金床,anvil
欠けた金床,chipped_anvil
壊れかけの金床,damaged_anvil
コンポスター,composter
音符ブロック,note_block
ジュークボックス,jukebox
エンチャントテーブル,enchanting_table
エンドクリスタル,end_crystal
醸造台,brewing_stand
大釜,cauldron
鐘,bell
ビーコン,beacon
コンジット,conduit
ロードストーン,lodestone
はしご,ladder
足場,scaffolding
養蜂箱,beehive
怪しげな砂,suspicious_sand
怪しげな砂利,suspicious_gravel
避雷針,lightning_rod
植木鉢,flower_pot
飾り壺,decorated_pot
防具立て,armor_stand
額縁,item_frame
輝く額縁,glow_item_frame
絵画,painting
本棚,bookshelf
模様入りの本棚,chiseled_bookshelf
書見台,lectern
オークの看板,oak_sign
オークの吊り看板,oak_hanging_sign
トウヒの看板,spruce_sign
トウヒの吊り看板,spruce_hanging_sign
シラカバの看板,birch_sign
シラカバの吊り看板,birch_hanging_sign
ジャングルの看板,jungle_sign
ジャングルの吊り看板,jungle_hanging_sign
アカシアの看板,acacia_sign
アカシアの吊り看板,acacia_hanging_sign
ダークオークの看板,dark_oak_sign
ダークオークの吊り看板,dark_oak_hanging_sign
マングローブの看板,mangrove_sign
マングローブの吊り看板,mangrove_hanging_sign
サクラの看板,cherry_sign
サクラの吊り看板,cherry_hanging_sign
竹の看板,bamboo_sign
竹の吊り看板,bamboo_hanging_sign
真紅の看板,crimson_sign
真紅の吊り看板,crimson_hanging_sign
歪んだ看板,warped_sign
歪んだ吊り看板,warped_hanging_sign
チェスト,chest
樽,barrel
エンダーチェスト,ender_chest
リスポーンアンカー,respawn_anchor
不吉な旗,ominous_banner
スケルトンの頭蓋骨,skeleton_skull
ウィザースケルトンの頭蓋骨,wither_skeleton_skull
プレイヤーの頭,player_head
ゾンビの頭,zombie_head
クリーパーの頭,creeper_head
ピグリンの頭,piglin_head
ドラゴンの頭,dragon_head
ドラゴンの卵,dragon_egg
エンドポータルフレーム,end_portal_frame
エンダーアイ,ender_eye
虫食い石,infested_stone
虫食い丸石,infested_cobblestone
虫食い石レンガ,infested_stone_bricks
苔むした虫食い石レンガ,infested_mossy_stone_bricks
ひび割れた虫食い石レンガ,infested_cracked_stone_bricks
模様入りの虫食い石レンガ,infested_chiseled_stone_bricks
虫食い深層岩,infested_deepslate
レッドストーンダスト,redstone
レッドストーンリピーター,repeater
レッドストーンコンパレーター,comparator
的,target
レバー,lever
調律されたスカルクセンサー,calibrated_sculk_sensor
トリップワイヤーフック,tripwire_hook
糸,string
日照センサー,daylight_detector
ピストン,piston
粘着ピストン,sticky_piston
ディスペンサー,dispenser
ドロッパー,dropper
ホッパー,hopper
トラップチェスト,trapped_chest
オブザーバー,observer
パワードレール,powered_rail
ディテクターレール,detector_rail
レール,rail
アクティベーターレール,activator_rail
トロッコ,minecart
歪んだキノコ付きの棒,warped_fungus_on_a_stick
チェスト付きトロッコ,chest_minecart
かまど付きトロッコ,furnace_minecart
TNT付きのトロッコ,carrot_on_a_stick
チェスト付きのオークのボート,oak_chest_boat
チェスト付きの竹のイカダ,bamboo_chest_raft
TNT,tnt
木のシャベル,wooden_shovel
木のツルハシ,wooden_pickaxe
木の斧,wooden_axe
木のクワ,wooden_hoe
石のシャベル,stone_shovel
石のツルハシ,stone_pickaxe
石の斧,stone_axe
石のクワ,stone_hoe
鉄のシャベル,iron_shovel
鉄のツルハシ,iron_pickaxe
鉄の斧,iron_axe
鉄のクワ,iron_hoe
金のシャベル,golden_shovel
金のツルハシ,golden_pickaxe
金の斧,golden_axe
金のクワ,golden_hoe
ダイヤモンドのシャベル,diamond_shovel
ダイヤモンドのツルハシ,diamond_pickaxe
ダイヤモンドの斧,diamond_axe
ダイヤモンドのクワ,diamond_hoe
ネザライトのシャベル,netherite_shovel
ネザライトのツルハシ,netherite_pickaxe
ネザライトの斧,netherite_axe
ネザライトのクワ,netherite_hoe
バケツ,bucket
水入りバケツ,water_bucket
フグ入りバケツ,pufferfish_bucket
サケ入りバケツ,salmon_bucket
タラ入りバケツ,cod_bucket
熱帯魚入りバケツ,tropical_fish_bucket
ウーパールーパー入りバケツ,axolotl_bucket
オタマジャクシ入りバケツ,tadpole_bucket
溶岩入りバケツ,lava_bucket
粉雪入りバケツ,powder_snow_bucket
ミルク入りバケツ,milk_bucket
釣竿,fishing_rod
火打石と打ち金,flint_and_steel
ファイヤーチャージ,fire_charge
骨粉,bone_meal
ハサミ,shears
ブラシ,brush
名札,name_tag
リード,lead
コンパス,compass
リカバリーコンパス,recovery_compass
時計,clock
望遠鏡,spyglass
白紙の地図,map
本と羽根ペン,writable_book
エンダーパール,ender_pearl
エリトラ,elytra
ロケット花火-飛翔時間：1,firework_rocket
ロケット花火-飛翔時間：2,firework_rocket
ロケット花火-飛翔時間：3,firework_rocket
鞍,saddle
TNT付きのトロッコ,tnt_minecart
ホッパー付きトロッコ,hopper_minecart
オークのボート,oak_boat
トウヒのボート,spruce_boat
チェスト付きのトウヒのボート,spruce_chest_boat
シラカバのボート,birch_boat
チェスト付きのシラカバのボート,birch_chest_boat
ジャングルのボート,jungle_boat
チェスト付きのジャングルのボート,jungle_chest_boat
アカシアのボート,acacia_boat
チェスト付きのアカシアのボート,acacia_chest_boat
ダークオークのボート,dark_oak_boat
チェスト付きのダークオークのボート,dark_oak_chest_boat
マングローブのボート,mangrove_boat
チェスト付きのマングローブのボート,mangrove_chest_boat
サクラのボート,cherry_boat
チェスト付きのサクラのボート,cherry_chest_boat
竹のイカダ,bamboo_raft
ヤギの角笛,goat_horn
ヤギの角笛-沈思,goat_horn1
ヤギの角笛-歌声,goat_horn2
ヤギの角笛-深求,goat_horn3
ヤギの角笛-感覚,goat_horn4
ヤギの角笛-称賛,goat_horn5
ヤギの角笛-号令,goat_horn6
ヤギの角笛-憧憬,goat_horn7
ヤギの角笛-夢思,goat_horn8
レコード-C418-13,music_disc_13
レコード-C418-cat,music_disc_cat
レコード-C418-blocks,music_disc_blocks
レコード-C418-chirp,music_disc_chirp
レコード-C418-far,music_disc_far
レコード-C418-mall,music_disc_mall
レコード-C418-mellohi,music_disc_mellohi
レコード-C418-stal,music_disc_stal
レコード-C418-strad,music_disc_strad
レコード-C418-ward,music_disc_ward
レコード-C418-11,music_disc_11
レコード-C418-wait,music_disc_wait
レコード-レナ・レーン-otherside,music_disc_otherside
レコード-サミュエル・オーベリ-5,music_disc_5
レコード-レナ・レーン-Pigstep,music_disc_pigstep
レコード-AaronCherof-Relic,music_disc_relic
木の剣,wooden_sword
石の剣,stone_sword
金の剣,golden_sword
鉄の剣,iron_sword
ダイヤモンドの剣,diamond_sword
ネザライトの剣,netherite_sword
トライデント,trident
盾,shield
革の帽子,leather_helmet
革の上着,leather_chestplate
革のズボン,leather_leggings
革のブーツ,leather_boots
チェーンのヘルメット,chainmail_helmet
チェーンのチェストプレート,chainmail_chestplate
チェーンのレギンス,chainmail_leggings
チェーンのブーツ,chainmail_boots
鉄のヘルメット,iron_helmet
鉄のチェストプレート,iron_chestplate
鉄のレギンス,iron_leggings
鉄のブーツ,iron_boots
ダイヤモンドのヘルメット,diamond_helmet
ダイヤモンドのチェストプレート,diamond_chestplate
ダイヤモンドのレギンス,diamond_leggings
ダイヤモンドのブーツ,diamond_boots
金のヘルメット,golden_helmet
金のチェストプレート,golden_chestplate
金のレギンス,golden_leggings
金のブーツ,golden_boots
ネザライトのヘルメット,netherite_helmet
ネザライトのチェストプレート,netherite_chestplate
ネザライトのレギンス,netherite_leggings
ネザライトのブーツ,netherite_boots
カメの甲羅,turtle_helmet
革の馬鎧,leather_horse_armor
鉄の馬鎧,iron_horse_armor
金の馬鎧,golden_horse_armor
ダイヤモンドの馬鎧,diamond_horse_armor
不死のトーテム,totem_of_undying
雪玉,snowball
卵,egg
弓,bow
クロスボウ,crossbow
矢,arrow
光の矢,spectral_arrow
水の矢,tipped_arrow_WATER
ありふれた矢,tipped_arrow_MUNDANE
濃厚な矢,tipped_arrow_THICK
奇妙な矢,tipped_arrow_AWKWARD
暗視の矢,tipped_arrow_NIGHT_VISION
暗視の矢-延長,tipped_arrow_LONG_NIGHT_VISION
透明化の矢,tipped_arrow_INVISIBILITY
透明化の矢-延長,tipped_arrow_LONG_INVISIBILITY
跳躍の矢,tipped_arrow_JUMP
跳躍の矢-延長,tipped_arrow_LONG_LEAPING
跳躍の矢-強化,tipped_arrow_STRONG_LEAPING
耐火の矢,tipped_arrow_FIRE_RESISTANCE
耐火の矢-延長,tipped_arrow_LONG_FIRE_RESISTANCE
俊敏の矢,tipped_arrow_SPEED
俊敏の矢-延長,tipped_arrow_LONG_SWIFTNESS
俊敏の矢-強化,tipped_arrow_STRONG_SWIFTNESS
鈍化の矢,tipped_arrow_SLOWNESS
鈍化の矢-延長,tipped_arrow_LONG_SLOWNESS
鈍化の矢-強化,tipped_arrow_STRONG_SLOWNESS
タートルマスターの矢,tipped_arrow_TURTLE_MASTER
タートルマスターの矢-延長,tipped_arrow_LONG_TURTLE_MASTER
タートルマスターの矢-強化,tipped_arrow_STRONG_TURTLE_MASTER
水中呼吸の矢,tipped_arrow_WATER_BREATHING
水中呼吸の矢-延長,tipped_arrow_LONG_WATER_BREATHING
治癒の矢,tipped_arrow_INSTANT_HEAL
治癒の矢-強化,tipped_arrow_STRONG_HEALING
負傷の矢,tipped_arrow_INSTANT_DAMAGE
負傷の矢-強化,tipped_arrow_STRONG_HARMING
毒の矢,tipped_arrow_POISON
毒の矢-延長,tipped_arrow_LONG_POISON
毒の矢-強化,tipped_arrow_STRONG_POISON
再生の矢,tipped_arrow_REGEN
再生の矢-延長,tipped_arrow_LONG_REGENERATION
再生の矢-強化,tipped_arrow_STRONG_REGENERATION
力の矢,tipped_arrow_STRENGTH
力の矢-延長,tipped_arrow_LONG_STRENGTH
力の矢-強化,tipped_arrow_STRONG_STRENGTH
弱化の矢,tipped_arrow_WEAKNESS
弱化の矢-強化,tipped_arrow_LONG_WEAKNESS
幸運の矢,tipped_arrow_LUCK
低速落下の矢,tipped_arrow_SLOW_FALLING
低速落下の矢-延長,tipped_arrow_LONG_SLOW_FALLING
リンゴ,apple
金のリンゴ,golden_apple
エンチャントされた金のリンゴ,enchanted_golden_apple
スイカの薄切り,melon_slice
コーラスフルーツ,chorus_fruit
ニンジン,carrot
金のニンジン,golden_carrot
ジャガイモ,potato
ベイクドポテト,baked_potato
青くなったジャガイモ,poisonous_potato
ビートルート,beetroot
乾燥した昆布,dried_kelp
生の牛肉,beef
ステーキ,cooked_beef
生の豚肉,porkchop
焼き豚,cooked_porkchop
生の羊肉,mutton
焼き羊肉,cooked_mutton
生の鶏肉,chicken
焼き鳥,cooked_chicken
生の兎肉,rabbit
焼き兎肉,cooked_rabbit
生鱈,cod
焼き鱈,cooked_cod
生鮭,salmon
焼き鮭,cooked_salmon
熱帯魚,tropical_fish
フグ,pufferfish
パン,bread
クッキー,cookie
ケーキ,cake
パンプキンパイ,pumpkin_pie
腐った肉,rotten_flesh
クモの目,spider_eye
キノコシチュー,mushroom_stew
ビートルートスープ,beetroot_soup
ウサギシチュー,rabbit_stew
怪しげなシチュー,suspicious_stew
ハチミツ入りの瓶,honey_bottle
未定義ポーション,UNCRAFTABLE
水入り瓶,WATER
ありふれたポーション,MUNDANE
濃厚なポーション,THICK
奇妙なポーション,AWKWARD
暗視のポーション,NIGHT_VISION
暗視のポーション-延長,LONG_NIGHT_VISION
透明化のポーション,INVISIBILITY
透明化のポーション-延長,LONG_INVISIBILITY
跳躍のポーション,JUMP
跳躍のポーション-延長,LONG_LEAPING
跳躍のポーション-強化,STRONG_LEAPING
耐火のポーション,FIRE_RESISTANCE
耐火のポーション-延長,LONG_FIRE_RESISTANCE
俊敏のポーション,SPEED
俊敏のポーション-延長,LONG_SWIFTNESS
俊敏のポーション-強化,STRONG_SWIFTNESS
鈍化のポーション,SLOWNESS
鈍化のポーション-延長,LONG_SLOWNESS
鈍化のポーション-強化,STRONG_SLOWNESS
タートルマスターのポーション,TURTLE_MASTER
タートルマスターのポーション-延長,LONG_TURTLE_MASTER
タートルマスターのポーション-強化,STRONG_TURTLE_MASTER
水中呼吸のポーション,WATER_BREATHING
水中呼吸のポーション-延長,LONG_WATER_BREATHING
治癒のポーション,INSTANT_HEAL
治癒のポーション-強化,STRONG_HEALING
負傷のポーション,INSTANT_DAMAGE
負傷のポーション-強化,STRONG_HARMING
毒のポーション,POISON
毒のポーション-延長,LONG_POISON
毒のポーション-強化,STRONG_POISON
再生のポーション,REGEN
再生のポーション-延長,LONG_REGENERATION
再生のポーション-強化,STRONG_REGENERATION
力のポーション,STRENGTH
力のポーション-延長,LONG_STRENGTH
力のポーション-強化,STRONG_STRENGTH
弱化のポーション,WEAKNESS
弱化のポーション-延長,LONG_WEAKNESS
幸運のポーション,LUCK
低速落下のポーション,SLOW_FALLING
低速落下のポーション-延長,LONG_SLOW_FALLING
水入りスプラッシュ瓶,splash_WATER
ありふれたスプラッシュポーション,splash_MUNDANE
濃厚なスプラッシュポーション,splash_THICK
奇妙なスプラッシュポーション,splash_AWKWARD
暗視のスプラッシュポーション,splash_NIGHT_VISION
暗視のスプラッシュポーション-延長,splash_LONG_NIGHT_VISION
透明化のスプラッシュポーション,splash_INVISIBILITY
透明化のスプラッシュポーション-延長,splash_LONG_INVISIBILITY
跳躍のスプラッシュポーション,splash_JUMP
跳躍のスプラッシュポーション-延長,splash_LONG_LEAPING
跳躍のスプラッシュポーション-強化,splash_STRONG_LEAPING
耐火のスプラッシュポーション,splash_FIRE_RESISTANCE
耐火のスプラッシュポーション-延長,splash_LONG_FIRE_RESISTANCE
俊敏のスプラッシュポーション,splash_SPEED
俊敏のスプラッシュポーション-延長,splash_LONG_SWIFTNESS
俊敏のスプラッシュポーション-強化,splash_STRONG_SWIFTNESS
鈍化のスプラッシュポーション,splash_SLOWNESS
鈍化のスプラッシュポーション-延長,splash_LONG_SLOWNESS
鈍化のスプラッシュポーション-強化,splash_STRONG_SLOWNESS
タートルマスターのスプラッシュポーション,splash_TURTLE_MASTER
タートルマスターのスプラッシュポーション-延長,splash_LONG_TURTLE_MASTER
タートルマスターのスプラッシュポーション-強化,splash_STRONG_TURTLE_MASTER
水中呼吸のスプラッシュポーション,splash_WATER_BREATHING
水中呼吸のスプラッシュポーション-延長,splash_LONG_WATER_BREATHING
治癒のスプラッシュポーション,splash_INSTANT_HEAL
治癒のスプラッシュポーション-強化,splash_STRONG_HEALING
負傷のスプラッシュポーション,splash_INSTANT_DAMAGE
負傷のスプラッシュポーション-強化,splash_STRONG_HARMING
毒のスプラッシュポーション,splash_POISON
毒のスプラッシュポーション-延長,splash_LONG_POISON
毒のスプラッシュポーション-強化,splash_STRONG_POISON
再生のスプラッシュポーション,splash_REGEN
再生のスプラッシュポーション-延長,splash_LONG_REGENERATION
再生のスプラッシュポーション-強化,splash_STRONG_REGENERATION
力のスプラッシュポーション,splash_STRENGTH
力のスプラッシュポーション-延長,splash_LONG_STRENGTH
力のスプラッシュポーション-強化,splash_STRONG_STRENGTH
弱化のスプラッシュポーション,splash_WEAKNESS
弱化のスプラッシュポーション-延長,splash_LONG_WEAKNESS
幸運のスプラッシュポーション,splash_LUCK
低速落下のスプラッシュポーション,splash_SLOW_FALLING
低速落下のスプラッシュポーション-延長,splash_LONG_SLOW_FALLING
水入り残留瓶,lingering_WATER
ありふれた残留ポーション,lingering_MUNDANE
濃厚な残留ポーション,lingering_THICK
奇妙な残留ポーション,lingering_AWKWARD
暗視の残留ポーション,lingering_NIGHT_VISION
暗視の残留ポーション-延長,lingering_LONG_NIGHT_VISION
透明化の残留ポーション,lingering_INVISIBILITY
透明化の残留ポーション-延長,lingering_LONG_INVISIBILITY
跳躍の残留ポーション,lingering_JUMP
跳躍の残留ポーション-延長,lingering_LONG_LEAPING
跳躍の残留ポーション-強化,lingering_STRONG_LEAPING
耐火の残留ポーション,lingering_FIRE_RESISTANCE
耐火の残留ポーション-延長,lingering_LONG_FIRE_RESISTANCE
俊敏の残留ポーション,lingering_SPEED
俊敏の残留ポーション-延長,lingering_LONG_SWIFTNESS
俊敏の残留ポーション-強化,lingering_STRONG_SWIFTNESS
鈍化の残留ポーション,lingering_SLOWNESS
鈍化の残留ポーション-延長,lingering_LONG_SLOWNESS
鈍化の残留ポーション-強化,lingering_STRONG_SLOWNESS
鈍化の残留ポーション-延長-強化,lingering_TURTLE_MASTER
タートルマスターの残留ポーション,lingering_LONG_TURTLE_MASTER
タートルマスターの残留ポーション-延長,lingering_STRONG_TURTLE_MASTER
タートルマスターの残留ポーション-強化,lingering_STRONG_TURTLE_MASTER
水中呼吸の残留ポーション,lingering_WATER_BREATHING
水中呼吸の残留ポーション-延長,lingering_LONG_WATER_BREATHING
治癒の残留ポーション,lingering_INSTANT_HEAL
治癒の残留ポーション-強化,lingering_STRONG_HEALING
負傷の残留ポーション,lingering_INSTANT_DAMAGE
負傷の残留ポーション-強化,lingering_STRONG_HARMING
毒の残留ポーション,lingering_POISON
毒の残留ポーション-延長,lingering_LONG_POISON
毒の残留ポーション-強化,lingering_STRONG_POISON
再生の残留ポーション,lingering_REGEN
再生の残留ポーション-延長,lingering_LONG_REGENERATION
再生の残留ポーション-強化,lingering_STRONG_REGENERATION
力の残留ポーション,lingering_STRENGTH
力の残留ポーション-延長,lingering_LONG_STRENGTH
力の残留ポーション-強化,lingering_STRONG_STRENGTH
弱化の残留ポーション,lingering_WEAKNESS
弱化の残留ポーション-延長,lingering_LONG_WEAKNESS
幸運の残留ポーション,lingering_LUCK
低速落下の残留ポーション,lingering_SLOW_FALLING
低速落下の残留ポーション-延長,lingering_LONG_SLOW_FALLING
石炭,coal
木炭,charcoal
鉄の原石,raw_iron
銅の原石,raw_copper
金の原石,raw_gold
エメラルド,emerald
ラピスラズリ,lapis_lazuli
ダイヤモンド,diamond
ネザークォーツ,quartz
アメジストの欠片,amethyst_shard
鉄塊,iron_nugget
金塊,gold_nugget
鉄インゴット,iron_ingot
銅インゴット,copper_ingot
金インゴット,gold_ingot
ネザライトの欠片,netherite_scrap
ネザライトインゴット,netherite_ingot
棒,stick
火打石,flint
小麦,wheat
骨,bone
羽根,feather
革,leather
ウサギの皮,rabbit_hide
ハニカム,honeycomb
イカスミ,ink_sac
輝くイカスミ,glow_ink_sac
カメのウロコ,scute
スライムボール,slime_ball
粘土玉,clay_ball
プリズマリンの欠片,prismarine_shard
プリズマリンクリスタル,prismarine_crystals
オウムガイの殻,nautilus_shell
海洋の心,heart_of_the_sea
ブレイズロッド,blaze_rod
ネザースター,nether_star
シュルカーの殻,shulker_shell
焼いたコーラスフルーツ,popped_chorus_fruit
残響の欠片,echo_shard
レコードの破片,disc_fragment_5
白色の染料,white_dye
薄灰色の染料,light_gray_dye
灰色の染料,gray_dye
黒色の染料,black_dye
茶色の染料,brown_dye
赤色の染料,red_dye
橙色の染料,orange_dye
黄色の染料,yellow_dye
黄緑色の染料,lime_dye
緑色の染料,green_dye
青緑色の染料,cyan_dye
空色の染料,light_blue_dye
青色の染料,blue_dye
紫色の染料,purple_dye
赤紫色の染料,magenta_dye
桃色の染料,pink_dye
ボウル,bowl
レンガ,brick
ネザーレンガ,nether_brick
紙,paper
本,book
花火の星,firework_star
ガラス瓶,glass_bottle
グロウストーンダスト,glowstone_dust
火薬,gunpowder
ドラゴンブレス,dragon_breath
発酵したクモの目,fermented_spider_eye
ブレイズパウダー,blaze_powder
砂糖,sugar
ウサギの足,rabbit_foot
きらめくスイカの薄切り,glistering_melon_slice
マグマクリーム,magma_cream
ガストの涙,ghast_tear
ファントムの皮膜,phantom_membrane
旗の模様-花模様,flower_banner_pattern
旗の模様-クリーパー模様,creeper_banner_pattern
旗の模様-骸骨模様,skull_banner_pattern
旗の模様-何かの模様,mojang_banner_pattern
旗の模様-地球の模様,globe_banner_pattern
旗の模様-豚の鼻の模様,piglin_banner_pattern
釣り人の壺の欠片,angler_pottery_sherd
射手の壺の欠片,archer_pottery_sherd
両腕を上げた人の壺の欠片,arms_up_pottery_sherd
剣の壺の欠片,blade_pottery_sherd
醸造家の壺の欠片,brewer_pottery_sherd
炎の壺の欠片,burn_pottery_sherd
脅威の壺の欠片,danger_pottery_sherd
探検家の壺の欠片,explorer_pottery_sherd
友の壺の欠片,friend_pottery_sherd
ハートの壺の欠片,heart_pottery_sherd
割れたハートの壺の欠片,heartbreak_pottery_sherd
遠吠えの壺の欠片,howl_pottery_sherd
鉱夫の壺の欠片,miner_pottery_sherd
哀悼者の壺の欠片,mourner_pottery_sherd
富の壺の欠片,plenty_pottery_sherd
宝物の壺の欠片,prize_pottery_sherd
麦束の壺の欠片,sheaf_pottery_sherd
木陰の壺の欠片,shelter_pottery_sherd
頭蓋骨の壺の欠片,skull_pottery_sherd
鼻を鳴らす動物の壺の欠片,snort_pottery_sherd
鍛冶型-ネザライト強化,netherite_upgrade_smithing_template
鍛冶型-略奪者風の装飾,sentry_armor_trim_smithing_template
鍛冶型-ヴェックス風の装飾,vex_armor_trim_smithing_template
鍛冶型-密林風の装飾,wild_armor_trim_smithing_template
鍛冶型-海洋風の装飾,coast_armor_trim_smithing_template
鍛冶型-砂丘風の装飾,dune_armor_trim_smithing_template
鍛冶型-先駆者風の装飾,wayfinder_armor_trim_smithing_template
鍛冶型-牧者風の装飾,raiser_armor_trim_smithing_template
鍛冶型-職人風の装飾,shaper_armor_trim_smithing_template
鍛冶型-主人風の装飾,host_armor_trim_smithing_template
鍛冶型-藍獄風の装飾,ward_armor_trim_smithing_template
鍛冶型-静寂の装飾,silence_armor_trim_smithing_template
鍛冶型-潮流風の装飾,tide_armor_trim_smithing_template
鍛冶型-ブタの鼻風の装飾,snout_armor_trim_smithing_template
鍛冶型-あばら模様の装飾,rib_armor_trim_smithing_template
鍛冶型-要塞風の装飾,eye_armor_trim_smithing_template
鍛冶型-尖塔風の装飾,spire_armor_trim_smithing_template
エンチャントの瓶,experience_bottle
エンチャントの本-ダメージ軽減Ⅰ,protection_1
エンチャントの本-ダメージ軽減Ⅱ,protection_2
エンチャントの本-ダメージ軽減Ⅲ,protection_3
エンチャントの本-ダメージ軽減Ⅳ,protection_4
エンチャントの本-火炎耐性Ⅰ,fire_protection_1
エンチャントの本-火炎耐性Ⅱ,fire_protection_2
エンチャントの本-火炎耐性Ⅲ,fire_protection_3
エンチャントの本-火炎耐性Ⅳ,fire_protection_4
エンチャントの本-落下耐性Ⅰ,feather_falling_1
エンチャントの本-落下耐性Ⅱ,feather_falling_2
エンチャントの本-落下耐性Ⅲ,feather_falling_3
エンチャントの本-落下耐性Ⅳ,feather_falling_4
エンチャントの本-爆発耐性Ⅰ,blast_protection_1
エンチャントの本-爆発耐性Ⅱ,blast_protection_2
エンチャントの本-爆発耐性Ⅲ,blast_protection_3
エンチャントの本-爆発耐性Ⅳ,blast_protection_4
エンチャントの本-飛び道具耐性Ⅰ,projectile_protection_1
エンチャントの本-飛び道具耐性Ⅱ,projectile_protection_2
エンチャントの本-飛び道具耐性Ⅲ,projectile_protection_3
エンチャントの本-飛び道具耐性Ⅳ,projectile_protection_4
エンチャントの本-水中呼吸Ⅰ,respiration_1
エンチャントの本-水中呼吸Ⅱ,respiration_2
エンチャントの本-水中呼吸Ⅲ,respiration_3
エンチャントの本-水中採掘,aqua_affinity_1
エンチャントの本-棘の鎧Ⅰ,pthorns_1
エンチャントの本-棘の鎧Ⅱ,pthorns_2
エンチャントの本-棘の鎧Ⅲ,pthorns_3
エンチャントの本-水中歩行Ⅰ,depth_strider_1
エンチャントの本-水中歩行Ⅱ,depth_strider_2
エンチャントの本-水中歩行Ⅲ,depth_strider_3
エンチャントの本-氷渡りⅠ,frost_walker_1
エンチャントの本-氷渡りⅡ,frost_walker_2
エンチャントの本-束縛の呪い,binding_curse_1
エンチャントの本-ソウルスピードⅠ,soul_speed_1
エンチャントの本-ソウルスピードⅡ,soul_speed_2
エンチャントの本-ソウルスピードⅢ,soul_speed_3
エンチャントの本-スニーク速度上昇Ⅰ,swift_sneak_1
エンチャントの本-スニーク速度上昇Ⅱ,swift_sneak_2
エンチャントの本-スニーク速度上昇Ⅲ,swift_sneak_3
エンチャントの本-ダメージ増加Ⅰ,sharpness_1
エンチャントの本-ダメージ増加Ⅱ,sharpness_2
エンチャントの本-ダメージ増加Ⅲ,sharpness_3
エンチャントの本-ダメージ増加Ⅳ,sharpness_4
エンチャントの本-ダメージ増加Ⅴ,sharpness_5
エンチャントの本-アンデッド特効Ⅰ,smite_1
エンチャントの本-アンデッド特効Ⅱ,smite_2
エンチャントの本-アンデッド特効Ⅲ,smite_3
エンチャントの本-アンデッド特効Ⅳ,smite_4
エンチャントの本-アンデッド特効Ⅴ,smite_5
エンチャントの本-虫特効Ⅰ,bane_of_arthropods_1
エンチャントの本-虫特効Ⅱ,bane_of_arthropods_2
エンチャントの本-虫特効Ⅲ,bane_of_arthropods_3
エンチャントの本-虫特効Ⅳ,bane_of_arthropods_4
エンチャントの本-虫特効Ⅴ,bane_of_arthropods_5
エンチャントの本-ノックバックⅠ,knockback_1
エンチャントの本-ノックバックⅡ,knockback_2
エンチャントの本-火属性Ⅰ,fire_aspect_1
エンチャントの本-火属性Ⅱ,fire_aspect_2
エンチャントの本-ドロップ増加Ⅰ,looting_1
エンチャントの本-ドロップ増加Ⅱ,looting_2
エンチャントの本-ドロップ増加Ⅲ,looting_3
エンチャントの本-範囲ダメージ増加Ⅰ,sweeping_1
エンチャントの本-範囲ダメージ増加Ⅱ,sweeping_2
エンチャントの本-範囲ダメージ増加Ⅲ,sweeping_3
エンチャントの本-効率強化Ⅰ,efficiency_1
エンチャントの本-効率強化Ⅱ,efficiency_2
エンチャントの本-効率強化Ⅲ,efficiency_3
エンチャントの本-効率強化Ⅳ,efficiency_4
エンチャントの本-効率強化Ⅴ,efficiency_5
エンチャントの本-シルクタッチ,silk_touch_1
エンチャントの本-幸運Ⅰ,fortune_1
エンチャントの本-幸運Ⅱ,fortune_2
エンチャントの本-幸運Ⅲ,fortune_3
エンチャントの本-耐久力Ⅰ,unbreaking_1
エンチャントの本-耐久力Ⅱ,unbreaking_2
エンチャントの本-耐久力Ⅲ,unbreaking_3
エンチャントの本-射撃ダメージ増加Ⅰ,power_1
エンチャントの本-射撃ダメージ増加Ⅱ,power_2
エンチャントの本-射撃ダメージ増加Ⅲ,power_3
エンチャントの本-射撃ダメージ増加Ⅳ,power_4
エンチャントの本-射撃ダメージ増加Ⅴ,power_5
エンチャントの本-パンチⅠ,punch_1
エンチャントの本-パンチⅡ,punch_2
エンチャントの本-フレイム,flame_1
エンチャントの本-無限,infinity_1
エンチャントの本-宝釣りⅠ,luck_of_the_sea_1
エンチャントの本-宝釣りⅡ,luck_of_the_sea_2
エンチャントの本-宝釣りⅢ,luck_of_the_sea_3
エンチャントの本-入れ食いⅠ,lure_1
エンチャントの本-入れ食いⅡ,lure_2
エンチャントの本-入れ食いⅢ,lure_3
エンチャントの本-忠誠Ⅰ,loyalty_1
エンチャントの本-忠誠Ⅱ,loyalty_2
エンチャントの本-忠誠Ⅲ,loyalty_3
エンチャントの本-水生特攻Ⅰ,impaling_1
エンチャントの本-水生特攻Ⅱ,impaling_2
エンチャントの本-水生特攻Ⅲ,impaling_3
エンチャントの本-水生特攻Ⅳ,impaling_4
エンチャントの本-水生特攻Ⅴ,impaling_5
エンチャントの本-激流Ⅰ,riptide_1
エンチャントの本-激流Ⅱ,riptide_2
エンチャントの本-激流Ⅲ,riptide_3
エンチャントの本-召雷,channeling_1
エンチャントの本-拡散,multishot_1
エンチャントの本-高速装填Ⅰ,quick_charge_1
エンチャントの本-高速装填Ⅱ,quick_charge_2
エンチャントの本-高速装填Ⅲ,quick_charge_3
エンチャントの本-貫通Ⅰ,piercing_1
エンチャントの本-貫通Ⅱ,piercing_2
エンチャントの本-貫通Ⅲ,piercing_3
エンチャントの本-貫通Ⅳ,piercing_4
エンチャントの本-修繕,mending_1
エンチャントの本-消滅の呪い,vanishing_curse_1
モンスタースポナー,spawner
アレイのスポーンエッグ,allay_spawn_egg
ウーパールーパーのスポーンエッグ,axolotl_spawn_egg
コウモリのスポーンエッグ,bat_spawn_egg
ミツバチのスポーンエッグ,bee_spawn_egg
ブレイズのスポーンエッグ,blaze_spawn_egg
ラクダのスポーンエッグ,camel_spawn_egg
ネコのスポーンエッグ,cat_spawn_egg
洞窟グモのスポーンエッグ,cave_spider_spawn_egg
ニワトリのスポーンエッグ,chicken_spawn_egg
タラのスポーンエッグ,cod_spawn_egg
ウシのスポーンエッグ,cow_spawn_egg
クリーパーのスポーンエッグ,creeper_spawn_egg
イルカのスポーンエッグ,dolphin_spawn_egg
ロバのスポーンエッグ,donkey_spawn_egg
ドラウンドのスポーンエッグ,drowned_spawn_egg
エルダーガーディアンのスポーンエッグ,elder_guardian_spawn_egg
エンダーマンのスポーンエッグ,enderman_spawn_egg
エンダーマイトのスポーンエッグ,endermite_spawn_egg
エヴォーカーのスポーンエッグ,evoker_spawn_egg
キツネのスポーンエッグ,fox_spawn_egg
カエルのスポーンエッグ,frog_spawn_egg
ガストのスポーンエッグ,ghast_spawn_egg
ヒカリイカのスポーンエッグ,glow_squid_spawn_egg
ヤギのスポーンエッグ,goat_spawn_egg
ガーディアンのスポーンエッグ,guardian_spawn_egg
ホグリンのスポーンエッグ,hoglin_spawn_egg
ウマのスポーンエッグ,horse_spawn_egg
ハスクのスポーンエッグ,husk_spawn_egg
アイアンゴーレムのスポーンエッグ,iron_golem_spawn_egg
ラマのスポーンエッグ,llama_spawn_egg
マグマキューブのスポーンエッグ,magma_cube_spawn_egg
ムーシュルームのスポーンエッグ,mooshroom_spawn_egg
ラバのスポーンエッグ,mule_spawn_egg
ヤマネコのスポーンエッグ,ocelot_spawn_egg
パンダのスポーンエッグ,panda_spawn_egg
オウムのスポーンエッグ,parrot_spawn_egg
ファントムのスポーンエッグ,phantom_spawn_egg
ブタのスポーンエッグ,pig_spawn_egg
ピグリンのスポーンエッグ,piglin_spawn_egg
ピグリンブルートのスポーンエッグ,piglin_brute_spawn_egg
ピリジャーのスポーンエッグ,pillager_spawn_egg
シロクマのスポーンエッグ,polar_bear_spawn_egg
フグのスポーンエッグ,pufferfish_spawn_egg
ウサギのスポーンエッグ,rabbit_spawn_egg
ラヴェジャーのスポーンエッグ,ravager_spawn_egg
サケのスポーンエッグ,salmon_spawn_egg
ヒツジのスポーンエッグ,sheep_spawn_egg
シュルカーのスポーンエッグ,shulker_spawn_egg
シルバーフィッシュのスポーンエッグ,silverfish_spawn_egg
スケルトンのスポーンエッグ,skeleton_spawn_egg
スケルトンホースのスポーンエッグ,skeleton_horse_spawn_egg
スライムのスポーンエッグ,slime_spawn_egg
スニッファーのスポーンエッグ,sniffer_spawn_egg
スノウゴーレムのスポーンエッグ,snow_golem_spawn_egg
クモのスポーンエッグ,spider_spawn_egg
イカのスポーンエッグ,squid_spawn_egg
ストレイのスポーンエッグ,stray_spawn_egg
ストライダーのスポーンエッグ,strider_spawn_egg
オタマジャクシのスポーンエッグ,tadpole_spawn_egg
商人のラマのスポーンエッグ,trader_llama_spawn_egg
熱帯魚のスポーンエッグ,tropical_fish_spawn_egg
カメのスポーンエッグ,turtle_spawn_egg
ヴェックスのスポーンエッグ,vex_spawn_egg
村人のスポーンエッグ,villager_spawn_egg
ヴィンディケーターのスポーンエッグ,vindicator_spawn_egg
行商人のスポーンエッグ,wandering_trader_spawn_egg
ウォーデンのスポーンエッグ,warden_spawn_egg
ウィッチのスポーンエッグ,witch_spawn_egg
ウィザースケルトンのスポーンエッグ,wither_skeleton_spawn_egg
オオカミのスポーンエッグ,wolf_spawn_egg
ゾグリンのスポーンエッグ,zoglin_spawn_egg
ゾンビのスポーンエッグ,zombie_spawn_egg
ゾンビホースのスポーンエッグ,zombie_horse_spawn_egg
村人ゾンビのスポーンエッグ,zombie_villager_spawn_egg
ゾンビピグリンのスポーンエッグ,zombified_piglin_spawn_egg
石化したオークのハーフブロック,petrified_oak_slab
バリアブロック,barrier
コマンドブロック,command_block
リピートコマンドブロック,repeating_command_block
ストラクチャーブロック,structure_block
チェーンコマンドブロック,chain_command_block
ストラクチャーヴォイド,structure_void
コマンドブロック付きトロッコ,command_block_minecart
デバッグ棒,debug_stick
エンチャントの本,enchanted_book
地図,filled_map
知恵の本,knowledge_book
ライトブロック,light
クラフト不可能なポーション,potion
クラフト不可能な残留ポーション,lingering_potion
クラフト不可能なスプラッシュポーション,splash_potion
クラフト不可能な効能付きの矢,tipped_arrow_
記入済みの本,written_book
バンドル,bundle
ジグソーブロック,jigsaw
ウィザーのスポーンエッグ,wither_spawn_egg
空気,air
洞窟の空気,cave_air
奈落の空気,void_air
エンドゲートウェイ,end_gateway
エンドポータル,end_portal
炎,fire
魂の炎,soul_fire
薄氷,frosted_ice
水,water
水流,flowing_water
溶岩,lava
溶岩流,flowing_lava
